685,OBB9E70,490886191,93KAM30D5BE767825        ,10425282000122,2025-06-18 10:14:02,A PAGAR,189.0,C:\BOT\LICENCIAMENTO\TESTE Lic Licenciamento 2025 - RENAVAM 490886191.pdf,2025-06-18 10:14:02,SEM DEBITOS,0,,
707,QCZ2E60,1175811138,9ADG1133JKM434619        ,10425282004705,2025-06-18 10:17:28,A PAGAR,189.0,C:\BOT\LICENCIAMENTO\TESTE Lic Licenciamento 2025 - RENAVAM 1175811138.pdf,2025-06-18 10:17:29,SEM DEBITOS,0,,
711,QCV3F10,1176358372,9ADG1133JKM434621        ,10425282003652,2025-06-18 10:20:12,A PAGAR,189.0,C:\BOT\LICENCIAMENTO\TESTE Lic Licenciamento 2025 - RENAVAM 1176358372.pdf,2025-06-18 10:20:12,SEM DEBITOS,0,,
713,QCE7970,1177427025,3C6DFVBK1JE146175        ,10425282003652,2025-06-18 10:22:28,A PAGAR,215.0,C:\BOT\LICENCIAMENTO\TESTE Lic Licenciamento 2025 - RENAVAM 1177427025.pdf,2025-06-18 10:22:09,SEM DEBITOS,0,,
514,AVT9210,605594090,9BM384088NB935896        ,10425282004896,2025-06-17 15:14:18,A PAGAR,189.0,C:\BOT\LICENCIAMENTO\TESTE Lic Licenciamento 2025 - RENAVAM 605594090.pdf,2025-06-17 15:14:19,SEM DEBITOS,0,,
515,RAR9B70,1277646896,9BVRG40D2ME906572        ,10425282006597,2025-06-17 15:15:21,A PAGAR,189.0,C:\BOT\LICENCIAMENTO\TESTE Lic Licenciamento 2025 - RENAVAM 1277646896.pdf,2025-06-17 15:15:21,SEM DEBITOS,0,,
516,QCD9G70,1173046230,9BVRG40D3KE861775        ,10425282003229,2025-06-17 15:23:32,A PAGAR,189.0,C:\BOT\LICENCIAMENTO\TESTE Lic Licenciamento 2025 - RENAVAM 1173046230.pdf,2025-06-17 15:23:12,SEM DEBITOS,0,,
517,QCY9J70,1175794527,9BVRG40DXKE862580        ,10425282003652,2025-06-17 15:24:34,A PAGAR,189.0,C:\BOT\LICENCIAMENTO\TESTE Lic Licenciamento 2025 - RENAVAM 1175794527.pdf,2025-06-17 15:24:34,SEM DEBITOS,0,,
518,QBI8F40,1065670572,9C2KD0800FR062668        ,10425282004209,2025-06-17 15:25:49,A PAGAR,189.0,C:\BOT\LICENCIAMENTO\TESTE Lic Licenciamento 2025 - RENAVAM 1065670572.pdf,2025-06-17 15:25:50,SEM DEBITOS,0,,
520,IMQ5790,863172377,9BM3840785B439264        ,10425282003490,2025-06-17 15:27:23,A PAGAR,189.0,C:\BOT\LICENCIAMENTO\TESTE Lic Licenciamento 2025 - RENAVAM 863172377.pdf,2025-06-17 15:27:23,SEM DEBITOS,0,,
521,NIY2B20,936036028,9AA21082G8C069335        ,10425282003571,2025-06-17 15:28:17,A PAGAR,189.0,C:\BOT\LICENCIAMENTO\TESTE Lic Licenciamento 2025 - RENAVAM 936036028.pdf,2025-06-17 15:28:18,SEM DEBITOS,0,,
524,QCD9H00,1173046922,9BVRG40D6KE861776        ,10425282003229,2025-06-17 15:31:08,A PAGAR,189.0,C:\BOT\LICENCIAMENTO\TESTE Lic Licenciamento 2025 - RENAVAM 1173046922.pdf,2025-06-17 15:31:08,SEM DEBITOS,0,,
526,SPJ7E00,1400487185,9D8CPR133R1000445        ,10425282003733,2025-06-17 15:33:15,A PAGAR,189.0,C:\BOT\LICENCIAMENTO\TESTE Lic Licenciamento 2025 - RENAVAM 1400487185.pdf,2025-06-17 15:33:15,SEM DEBITOS,0,,
530,DUM7520,932672663,9BM6933967B544847        ,10425282003652,2025-06-17 15:37:03,A PAGAR,189.0,C:\BOT\LICENCIAMENTO\TESTE Lic Licenciamento 2025 - RENAVAM 932672663.pdf,2025-06-17 15:37:03,SEM DEBITOS,0,,
533,QCC7G00,1211446848,9BSR6X400L3962692        ,10425282003814,2025-06-17 15:39:09,A PAGAR,189.0,C:\BOT\LICENCIAMENTO\TESTE Lic Licenciamento 2025 - RENAVAM 1211446848.pdf,2025-06-17 15:39:09,SEM DEBITOS,0,,
537,SPN9J20,1401883793,9D8CPR133R1000455        ,10425282003229,2025-06-17 15:43:09,A PAGAR,189.0,C:\BOT\LICENCIAMENTO\TESTE Lic Licenciamento 2025 - RENAVAM 1401883793.pdf,2025-06-17 15:43:09,SEM DEBITOS,0,,
541,SPO4E90,1402062106,9BVRT60D8RE607495        ,10425282003229,2025-06-17 15:46:21,A PAGAR,189.0,C:\BOT\LICENCIAMENTO\TESTE Lic Licenciamento 2025 - RENAVAM 1402062106.pdf,2025-06-17 15:46:21,SEM DEBITOS,0,,
543,QCG8E10,1173819093,9ADG0933JKM433492        ,10425282003814,2025-06-17 15:48:23,A PAGAR,189.0,C:\BOT\LICENCIAMENTO\TESTE Lic Licenciamento 2025 - RENAVAM 1173819093.pdf,2025-06-17 15:48:24,SEM DEBITOS,0,,
513,SPN9H60,1401875235,9D8CPR133R1000454        ,10425282003229,2025-06-17 15:51:33,A PAGAR,189.0,C:\BOT\LICENCIAMENTO\TESTE Lic Licenciamento 2025 - RENAVAM 1401875235.pdf,2025-06-17 15:51:33,SEM DEBITOS,0,,
547,QCZ1E60,1175803950,9ADM0452JKM431484        ,10425282005353,2025-06-17 15:53:28,A PAGAR,189.0,C:\BOT\LICENCIAMENTO\TESTE Lic Licenciamento 2025 - RENAVAM 1175803950.pdf,2025-06-17 15:53:28,SEM DEBITOS,0,,
551,LKT6210,991085337,9BM3840789B622801        ,10425282004705,2025-06-17 15:56:21,A PAGAR,,,2025-06-17 15:56:21,SEM DEBITOS,0,,
553,QCZ1E00,1175803631,9ADB0902JKM431482        ,10425282005353,2025-06-17 15:57:28,A PAGAR,189.0,C:\BOT\LICENCIAMENTO\TESTE Lic Licenciamento 2025 - RENAVAM 1175803631.pdf,2025-06-17 15:57:29,SEM DEBITOS,0,,
555,QCV3H50,1176365360,9ADG1133JKM434610        ,10425282003652,2025-06-17 15:59:44,A PAGAR,189.0,C:\BOT\LICENCIAMENTO\TESTE Lic Licenciamento 2025 - RENAVAM 1176365360.pdf,2025-06-17 15:59:44,SEM DEBITOS,0,,
557,RRR9B10,1327997123,WV1DA22H4PA004253        ,10425282004209,2025-06-17 16:01:48,A PAGAR,189.0,C:\BOT\LICENCIAMENTO\TESTE Lic Licenciamento 2025 - RENAVAM 1327997123.pdf,2025-06-17 16:01:48,SEM DEBITOS,0,,
559,QCZ2B80,1175809087,9ADG0933JKM433508        ,10425282004705,2025-06-18 09:17:15,A PAGAR,189.0,C:\BOT\LICENCIAMENTO\TESTE Lic Licenciamento 2025 - RENAVAM 1175809087.pdf,2025-06-18 09:17:15,SEM DEBITOS,0,,
561,SPM3E10,1401203040,9BVRT60D7RE607282        ,10425282003229,2025-06-17 16:05:32,A PAGAR,189.0,C:\BOT\LICENCIAMENTO\TESTE Lic Licenciamento 2025 - RENAVAM 1401203040.pdf,2025-06-17 16:05:32,SEM DEBITOS,0,,
565,QCG8F90,1173825271,9ADG0933JKM433498        ,10425282003814,2025-06-17 16:09:20,A PAGAR,189.0,C:\BOT\LICENCIAMENTO\TESTE Lic Licenciamento 2025 - RENAVAM 1173825271.pdf,2025-06-17 16:09:20,SEM DEBITOS,0,,
569,QCZ1J20,1175808129,9ADG0933JKM434606        ,10425282004705,2025-06-17 16:12:31,A PAGAR,,,2025-06-17 16:12:31,SEM DEBITOS,0,,
570,QCZ1A50,1175800659,9BVRG40D8KE862578        ,10425282003652,2025-06-17 16:13:33,A PAGAR,189.0,C:\BOT\LICENCIAMENTO\TESTE Lic Licenciamento 2025 - RENAVAM 1175800659.pdf,2025-06-17 16:13:33,SEM DEBITOS,0,,
573,SPO0D60,1401895325,9D8CPR153R1000451        ,10425282003814,2025-06-17 16:16:27,A PAGAR,189.0,C:\BOT\LICENCIAMENTO\TESTE Lic Licenciamento 2025 - RENAVAM 1401895325.pdf,2025-06-17 16:16:28,SEM DEBITOS,0,,
575,RAK3I70,1213629818,9BVRG40D8LE878260        ,10425282004624,2025-06-17 16:18:27,A PAGAR,189.0,C:\BOT\LICENCIAMENTO\TESTE Lic Licenciamento 2025 - RENAVAM 1213629818.pdf,2025-06-17 16:18:27,SEM DEBITOS,0,,
578,QCZ1F30,1175804085,9ADB0902JKM431800        ,10425282005353,2025-06-18 09:20:12,A PAGAR,189.0,C:\BOT\LICENCIAMENTO\TESTE Lic Licenciamento 2025 - RENAVAM 1175804085.pdf,2025-06-18 09:20:12,SEM DEBITOS,0,,
580,QCG8H60,1173827959,9ADG1133JKM433511        ,10425282003814,2025-06-17 16:21:44,A PAGAR,189.0,C:\BOT\LICENCIAMENTO\TESTE Lic Licenciamento 2025 - RENAVAM 1173827959.pdf,2025-06-17 16:21:44,SEM DEBITOS,0,,
581,QCV3I00,1176366316,9ADG1133JKM434608        ,10425282003652,2025-06-17 16:22:29,A PAGAR,,,2025-06-17 16:22:29,SEM DEBITOS,0,,
583,QCD9I00,1173047988,9BVRG40D1KE861720        ,10425282003229,2025-06-18 09:22:15,A PAGAR,189.0,C:\BOT\LICENCIAMENTO\TESTE Lic Licenciamento 2025 - RENAVAM 1173047988.pdf,2025-06-18 09:22:15,SEM DEBITOS,0,,
585,SPN9I80,1401881391,9D8CPR153R1000448        ,10425282003814,2025-06-17 16:25:32,A PAGAR,189.0,C:\BOT\LICENCIAMENTO\TESTE Lic Licenciamento 2025 - RENAVAM 1401881391.pdf,2025-06-17 16:25:32,SEM DEBITOS,0,,
587,EGS5A20,110096681,9ADC170489M281254        ,10425282003652,2025-06-17 16:27:24,A PAGAR,189.0,C:\BOT\LICENCIAMENTO\TESTE Lic Licenciamento 2025 - RENAVAM 110096681.pdf,2025-06-17 16:27:24,SEM DEBITOS,0,,
589,QCH7H20,1174085867,9BVRG40D4KE862343        ,10425282003490,2025-06-17 16:29:24,A PAGAR,189.0,C:\BOT\LICENCIAMENTO\TESTE Lic Licenciamento 2025 - RENAVAM 1174085867.pdf,2025-06-17 16:29:24,SEM DEBITOS,0,,
591,QCV3D30,1176352013,9ADG1133JKM434628        ,10425282003652,2025-06-17 16:30:32,A PAGAR,189.0,C:\BOT\LICENCIAMENTO\TESTE Lic Licenciamento 2025 - RENAVAM 1176352013.pdf,2025-06-17 16:30:32,SEM DEBITOS,0,,
592,QCG8G40,1173825816,9ADG1133JKM433499        ,10425282003814,2025-06-17 16:31:31,A PAGAR,189.0,C:\BOT\LICENCIAMENTO\TESTE Lic Licenciamento 2025 - RENAVAM 1173825816.pdf,2025-06-17 16:31:31,SEM DEBITOS,0,,
593,RAX1J60,1279687859,94BG1533MNR057982        ,10425282003571,2025-06-17 16:32:34,A PAGAR,189.0,C:\BOT\LICENCIAMENTO\TESTE Lic Licenciamento 2025 - RENAVAM 1279687859.pdf,2025-06-17 16:32:34,SEM DEBITOS,0,,
594,SPC1G50,1361815512,8AJKA3CD9R3119178        ,10425282003229,2025-06-17 16:33:32,A PAGAR,189.0,C:\BOT\LICENCIAMENTO\TESTE Lic Licenciamento 2025 - RENAVAM 1361815512.pdf,2025-06-17 16:33:12,SEM DEBITOS,0,,
595,LSW7E90,1113132121,9BM384078HB048166        ,10425282004209,2025-06-17 16:34:32,A PAGAR,189.0,C:\BOT\LICENCIAMENTO\TESTE Lic Licenciamento 2025 - RENAVAM 1113132121.pdf,2025-06-17 16:34:32,SEM DEBITOS,0,,
596,SPO4D20,1402057560,9BVRT60D9RE607650        ,10425282003229,2025-06-17 16:35:41,A PAGAR,189.0,C:\BOT\LICENCIAMENTO\TESTE Lic Licenciamento 2025 - RENAVAM 1402057560.pdf,2025-06-17 16:35:41,SEM DEBITOS,0,,
599,RAL1G40,1215367209,9BSR6X400L3962497        ,10425282003814,2025-06-17 16:38:21,A PAGAR,189.0,C:\BOT\LICENCIAMENTO\TESTE Lic Licenciamento 2025 - RENAVAM 1215367209.pdf,2025-06-17 16:38:21,SEM DEBITOS,0,,
602,QCV3F40,1176359360,9ADG1133JKM434620        ,10425282003652,2025-06-17 16:41:21,A PAGAR,189.0,C:\BOT\LICENCIAMENTO\TESTE Lic Licenciamento 2025 - RENAVAM 1176359360.pdf,2025-06-17 16:41:21,SEM DEBITOS,0,,
604,SPC1F10,1361810987,8AJKA3CDXR3119173        ,10425282003229,2025-06-17 16:43:09,A PAGAR,189.0,C:\BOT\LICENCIAMENTO\TESTE Lic Licenciamento 2025 - RENAVAM 1361810987.pdf,2025-06-17 16:43:09,SEM DEBITOS,0,,
607,SPJ7D70,1400481624,9D8CPR153R1000442        ,10425282003733,2025-06-17 16:45:55,A PAGAR,189.0,C:\BOT\LICENCIAMENTO\TESTE Lic Licenciamento 2025 - RENAVAM 1400481624.pdf,2025-06-17 16:45:55,SEM DEBITOS,0,,
609,RAZ4F10,1280776029,9C6DG2580N0015608        ,10425282005191,2025-06-17 16:47:57,A PAGAR,189.0,C:\BOT\LICENCIAMENTO\TESTE Lic Licenciamento 2025 - RENAVAM 1280776029.pdf,2025-06-17 16:47:57,SEM DEBITOS,0,,
612,QCV3G20,1176360458,9ADG1133JKM434614        ,10425282003652,2025-06-17 16:51:02,A PAGAR,189.0,C:\BOT\LICENCIAMENTO\TESTE Lic Licenciamento 2025 - RENAVAM 1176360458.pdf,2025-06-17 16:51:03,SEM DEBITOS,0,,
613,RAK3H70,1213624727,9BVRG40D4LE877498        ,10425282003733,2025-06-18 09:23:48,A PAGAR,,,2025-06-18 09:23:48,SEM DEBITOS,0,,
615,SPM3H60,1401211116,9BVRT60D7RE607648        ,10425282003229,2025-06-17 16:53:40,A PAGAR,189.0,C:\BOT\LICENCIAMENTO\TESTE Lic Licenciamento 2025 - RENAVAM 1401211116.pdf,2025-06-17 16:53:40,SEM DEBITOS,0,,
618,NIZ3890,936647213,9BFVCAC957BB97882        ,10425282004896,2025-06-17 16:56:54,A PAGAR,189.0,C:\BOT\LICENCIAMENTO\TESTE Lic Licenciamento 2025 - RENAVAM 936647213.pdf,2025-06-17 16:56:54,SEM DEBITOS,0,,
620,BWD0100,422668311,9BM384098KB839667        ,10425282004896,2025-06-18 09:24:43,A PAGAR,189.0,C:\BOT\LICENCIAMENTO\TESTE Lic Licenciamento 2025 - RENAVAM 422668311.pdf,2025-06-18 09:24:43,SEM DEBITOS,0,,
621,QCZ0G20,1175798301,9BVRG40D7KE862430        ,10425282003490,2025-06-17 17:00:31,A PAGAR,189.0,C:\BOT\LICENCIAMENTO\TESTE Lic Licenciamento 2025 - RENAVAM 1175798301.pdf,2025-06-17 17:00:31,SEM DEBITOS,0,,
624,SPT9D10,1417823930,9BVRT60D6SE615250        ,10425282003490,2025-06-17 17:04:36,A PAGAR,189.0,C:\BOT\LICENCIAMENTO\TESTE Lic Licenciamento 2025 - RENAVAM 1417823930.pdf,2025-06-17 17:04:37,SEM DEBITOS,0,,
627,QCV3E00,1176354792,9ADG1133JKM434627        ,10425282003652,2025-06-17 17:06:36,A PAGAR,189.0,C:\BOT\LICENCIAMENTO\TESTE Lic Licenciamento 2025 - RENAVAM 1176354792.pdf,2025-06-17 17:06:36,SEM DEBITOS,0,,
630,QCV3H70,1176365760,9ADG1133JKM434609        ,10425282003652,2025-06-17 17:09:56,A PAGAR,189.0,C:\BOT\LICENCIAMENTO\TESTE Lic Licenciamento 2025 - RENAVAM 1176365760.pdf,2025-06-17 17:09:56,SEM DEBITOS,0,,
632,SPO4E00,1402060022,9BVRT60D1RE607651        ,10425282003229,2025-06-17 17:11:53,A PAGAR,189.0,C:\BOT\LICENCIAMENTO\TESTE Lic Licenciamento 2025 - RENAVAM 1402060022.pdf,2025-06-17 17:11:53,SEM DEBITOS,0,,
634,AGH8890,657056677,9BM384087TB095243        ,10425282004896,2025-06-17 17:13:53,A PAGAR,189.0,C:\BOT\LICENCIAMENTO\TESTE Lic Licenciamento 2025 - RENAVAM 657056677.pdf,2025-06-17 17:13:54,SEM DEBITOS,0,,
637,MCK2G40,549906371,9BM386015LB890926        ,10425282002176,2025-06-17 17:15:36,A PAGAR,,,2025-06-17 17:15:36,SEM DEBITOS,0,,
639,QCZ0F60,1175798026,9BVRG40D4KE862487        ,10425282003490,2025-06-17 17:17:25,A PAGAR,189.0,C:\BOT\LICENCIAMENTO\TESTE Lic Licenciamento 2025 - RENAVAM 1175798026.pdf,2025-06-17 17:17:25,SEM DEBITOS,0,,
643,SPO4D60,1402059024,9BVRT60D4RE607587        ,10425282003229,2025-06-17 17:21:10,A PAGAR,189.0,C:\BOT\LICENCIAMENTO\TESTE Lic Licenciamento 2025 - RENAVAM 1402059024.pdf,2025-06-17 17:21:10,SEM DEBITOS,0,,
645,QCZ0H40,1175798646,9BVRG40D2KE862581        ,10425282003652,2025-06-17 17:23:10,A PAGAR,221.0,C:\BOT\LICENCIAMENTO\TESTE Lic Licenciamento 2025 - RENAVAM 1175798646.pdf,2025-06-17 17:23:10,SEM DEBITOS,0,,
648,QCG8F70,1173824852,9ADG1133JKM433497        ,10425282003814,2025-06-17 17:25:43,A PAGAR,189.0,C:\BOT\LICENCIAMENTO\TESTE Lic Licenciamento 2025 - RENAVAM 1173824852.pdf,2025-06-17 17:25:43,SEM DEBITOS,0,,
650,SPO4E40,1402061550,9BVRT60D1RE607834        ,10425282003229,2025-06-17 17:27:32,A PAGAR,189.0,C:\BOT\LICENCIAMENTO\TESTE Lic Licenciamento 2025 - RENAVAM 1402061550.pdf,2025-06-17 17:27:32,SEM DEBITOS,0,,
652,QCY9J30,1175794110,9BVRG40D0KE862500        ,10425282003652,2025-06-18 09:27:30,A PAGAR,189.0,C:\BOT\LICENCIAMENTO\TESTE Lic Licenciamento 2025 - RENAVAM 1175794110.pdf,2025-06-18 09:27:31,SEM DEBITOS,0,,
654,QCC7I40,1211454522,9BSR6X400L3962639        ,10425282003814,2025-06-17 17:31:16,A PAGAR,189.0,C:\BOT\LICENCIAMENTO\TESTE Lic Licenciamento 2025 - RENAVAM 1211454522.pdf,2025-06-17 17:31:16,SEM DEBITOS,0,,
656,QCD9H60,1173047635,9BVRG40D7KE861330        ,10425282003229,2025-06-17 17:33:05,A PAGAR,189.0,C:\BOT\LICENCIAMENTO\TESTE Lic Licenciamento 2025 - RENAVAM 1173047635.pdf,2025-06-17 17:33:05,SEM DEBITOS,0,,
659,RAX2B90,1279696807,9BVRG40D6ME907779        ,10425282004624,2025-06-17 17:36:03,A PAGAR,189.0,C:\BOT\LICENCIAMENTO\TESTE Lic Licenciamento 2025 - RENAVAM 1279696807.pdf,2025-06-17 17:36:03,SEM DEBITOS,0,,
661,EKL5750,210057289,9BFZCA9Y6ABB52179        ,10425282003652,2025-06-17 17:37:35,A PAGAR,,,2025-06-17 17:37:35,SEM DEBITOS,0,,
663,QCG8130,1173802387,9C2KD0810KR009522        ,10425282005868,2025-06-18 09:29:17,A PAGAR,189.0,C:\BOT\LICENCIAMENTO\TESTE Lic Licenciamento 2025 - RENAVAM 1173802387.pdf,2025-06-18 09:29:17,SEM DEBITOS,0,,
665,RAY9F70,1280570811,94BG1533MNR059136        ,10425282006597,2025-06-18 09:31:08,A PAGAR,189.0,C:\BOT\LICENCIAMENTO\TESTE Lic Licenciamento 2025 - RENAVAM 1280570811.pdf,2025-06-18 09:31:08,SEM DEBITOS,0,,
668,SPO4E50,1402062025,9BVRT60D4RE607647        ,10425282003229,2025-06-18 09:33:58,A PAGAR,189.0,C:\BOT\LICENCIAMENTO\TESTE Lic Licenciamento 2025 - RENAVAM 1402062025.pdf,2025-06-18 09:33:58,SEM DEBITOS,0,,
670,EAZ9I60,956672825,9BSP8X40083622186        ,10425282003652,2025-06-18 09:35:53,A PAGAR,189.0,C:\BOT\LICENCIAMENTO\TESTE Lic Licenciamento 2025 - RENAVAM 956672825.pdf,2025-06-18 09:35:54,SEM DEBITOS,0,,
675,SPO4F10,1402063358,9BVRT60D7RE608071        ,10425282003229,2025-06-18 09:38:57,A PAGAR,189.0,C:\BOT\LICENCIAMENTO\TESTE Lic Licenciamento 2025 - RENAVAM 1402063358.pdf,2025-06-18 09:38:57,SEM DEBITOS,0,,
674,QCZ1F40,1175804352,9ADB0902JKM431801        ,10425282005353,2025-06-18 09:39:51,A PAGAR,189.0,C:\BOT\LICENCIAMENTO\TESTE Lic Licenciamento 2025 - RENAVAM 1175804352.pdf,2025-06-18 09:39:51,SEM DEBITOS,0,,
678,QCZ0D60,1175796384,9BVRG40D2KE862597        ,10425282003652,2025-06-18 09:41:24,A PAGAR,189.0,C:\BOT\LICENCIAMENTO\TESTE Lic Licenciamento 2025 - RENAVAM 1175796384.pdf,2025-06-18 09:41:24,SEM DEBITOS,0,,
679,QCZ0H60,1175798786,9BVRG40D8KE862497        ,10425282003814,2025-06-18 09:42:25,A PAGAR,189.0,C:\BOT\LICENCIAMENTO\TESTE Lic Licenciamento 2025 - RENAVAM 1175798786.pdf,2025-06-18 09:42:25,SEM DEBITOS,0,,
680,RAK4A90,1213642032,9BVRG40D1LE877497        ,10425282003733,2025-06-18 09:43:23,A PAGAR,189.0,C:\BOT\LICENCIAMENTO\TESTE Lic Licenciamento 2025 - RENAVAM 1213642032.pdf,2025-06-18 09:43:23,SEM DEBITOS,0,,
681,RAK3J60,1213633980,9BVRG40D4LE878099        ,10425282004624,2025-06-18 09:44:16,A PAGAR,189.0,C:\BOT\LICENCIAMENTO\TESTE Lic Licenciamento 2025 - RENAVAM 1213633980.pdf,2025-06-18 09:44:16,SEM DEBITOS,0,,
682,SPT7C90,1417574280,9A92C1440SCAD9102        ,10425282003490,2025-06-18 09:45:14,A PAGAR,189.0,C:\BOT\LICENCIAMENTO\TESTE Lic Licenciamento 2025 - RENAVAM 1417574280.pdf,2025-06-18 09:45:14,SEM DEBITOS,0,,
684,QCZ2G10,1175811707,9ADG1133JKM434625        ,10425282004705,2025-06-18 09:47:25,A PAGAR,189.0,C:\BOT\LICENCIAMENTO\TESTE Lic Licenciamento 2025 - RENAVAM 1175811707.pdf,2025-06-18 09:47:25,SEM DEBITOS,0,,
689,QCD0I90,1172579200,9ADG0933JKM433321        ,10425282003490,2025-06-18 09:52:21,A PAGAR,189.0,C:\BOT\LICENCIAMENTO\TESTE Lic Licenciamento 2025 - RENAVAM 1172579200.pdf,2025-06-18 09:52:21,SEM DEBITOS,0,,
691,QCV3G80,1176363953,9ADG1133JKM434612        ,10425282003652,2025-06-18 09:54:33,A PAGAR,189.0,C:\BOT\LICENCIAMENTO\TESTE Lic Licenciamento 2025 - RENAVAM 1176363953.pdf,2025-06-18 09:54:33,SEM DEBITOS,0,,
694,SWA1A30,1368485399,9C2KD0810RR032349        ,10425282004209,2025-06-18 09:57:21,A PAGAR,189.0,C:\BOT\LICENCIAMENTO\TESTE Lic Licenciamento 2025 - RENAVAM 1368485399.pdf,2025-06-18 09:57:22,SEM DEBITOS,0,,
697,RAQ4J50,1277368853,9A9SRPR2ENCFP4001        ,10425282003814,2025-06-18 10:00:03,A PAGAR,189.0,C:\BOT\LICENCIAMENTO\TESTE Lic Licenciamento 2025 - RENAVAM 1277368853.pdf,2025-06-18 10:00:03,SEM DEBITOS,0,,
703,QCG8E50,1173819557,9ADG1133JKM433493        ,10425282003814,2025-06-18 10:05:03,A PAGAR,189.0,C:\BOT\LICENCIAMENTO\TESTE Lic Licenciamento 2025 - RENAVAM 1173819557.pdf,2025-06-18 10:05:04,SEM DEBITOS,0,,
704,RAU8B10,1277960396,9BVRG40D3ME907386        ,10425282003229,,,,,2025-06-18 15:05:01,A PAGAR,1,156.18,C:\BOT\MULTAS\MULTAS - 2025 - RENAVAM 1277960396.pdf
706,QCZ2F30,1175811367,9ADG1133JKM433509        ,10425282004705,2025-06-18 10:06:52,A PAGAR,,,2025-06-18 10:06:52,SEM DEBITOS,0,,
712,QCU1780,1174373633,9C2KD0810KR108663        ,10425282004209,2025-06-18 10:21:21,A PAGAR,189.0,C:\BOT\LICENCIAMENTO\TESTE Lic Licenciamento 2025 - RENAVAM 1174373633.pdf,2025-06-18 10:21:21,SEM DEBITOS,0,,
716,SPC1H60,1361817060,8AJKA3CD3R3119239        ,10425282003229,2025-06-18 10:26:47,A PAGAR,189.0,C:\BOT\LICENCIAMENTO\TESTE Lic Licenciamento 2025 - RENAVAM 1361817060.pdf,2025-06-18 10:26:47,SEM DEBITOS,0,,
718,QCG8H90,1173828297,9ADG0933JKM433512        ,10425282003814,2025-06-18 10:29:20,A PAGAR,189.0,C:\BOT\LICENCIAMENTO\TESTE Lic Licenciamento 2025 - RENAVAM 1173828297.pdf,2025-06-18 10:29:20,SEM DEBITOS,0,,
721,QCD1A90,1172583134,9ADG0933JKM433079        ,10425282003490,2025-06-18 11:02:20,A PAGAR,189.0,C:\BOT\LICENCIAMENTO\TESTE Lic Licenciamento 2025 - RENAVAM 1172583134.pdf,2025-06-18 11:02:21,SEM DEBITOS,0,,
722,QCG8I20,1173829358,9ADG1133JKM433515        ,10425282003814,2025-06-18 10:34:09,A PAGAR,189.0,C:\BOT\LICENCIAMENTO\TESTE Lic Licenciamento 2025 - RENAVAM 1173829358.pdf,2025-06-18 10:34:10,SEM DEBITOS,0,,
725,SPR7G20,1415305720,9C2KD0820SR007103        ,10425282004209,2025-06-18 10:37:22,A PAGAR,189.0,C:\BOT\LICENCIAMENTO\TESTE Lic Licenciamento 2025 - RENAVAM 1415305720.pdf,2025-06-18 10:37:22,SEM DEBITOS,0,,
728,SPC1G20,1361815032,8AJKA3CD9R3119147        ,10425282003229,2025-06-18 10:40:47,A PAGAR,189.0,C:\BOT\LICENCIAMENTO\TESTE Lic Licenciamento 2025 - RENAVAM 1361815032.pdf,2025-06-18 10:40:48,SEM DEBITOS,0,,
730,RAS9F20,1248960472,9BM958174MB198667        ,10425282003571,2025-06-18 10:42:58,A PAGAR,189.0,C:\BOT\LICENCIAMENTO\TESTE Lic Licenciamento 2025 - RENAVAM 1248960472.pdf,2025-06-18 10:42:58,SEM DEBITOS,0,,
733,QCZ1G40,1175805243,9ADG0933JKM434602        ,10425282004705,2025-06-18 10:46:24,A PAGAR,189.0,C:\BOT\LICENCIAMENTO\TESTE Lic Licenciamento 2025 - RENAVAM 1175805243.pdf,2025-06-18 10:46:24,SEM DEBITOS,0,,
735,QCZ2C50,1175809540,9ADG0933JKM434624        ,10425282004705,2025-06-18 10:48:07,A PAGAR,189.0,C:\BOT\LICENCIAMENTO\TESTE Lic Licenciamento 2025 - RENAVAM 1175809540.pdf,2025-06-18 10:48:08,SEM DEBITOS,0,,
738,RAY9G20,1280572296,9BM979028NB240797        ,10425282004624,2025-06-18 10:51:35,A PAGAR,1.12,C:\BOT\LICENCIAMENTO\TESTE Lic Licenciamento 2025 - RENAVAM 1280572296.pdf,2025-06-18 10:51:07,SEM DEBITOS,0,,
740,RAX2A50,1279689282,94BG1533MNR058010        ,10425282006597,2025-06-18 10:54:09,A PAGAR,189.0,C:\BOT\LICENCIAMENTO\TESTE Lic Licenciamento 2025 - RENAVAM 1279689282.pdf,2025-06-18 10:54:09,SEM DEBITOS,0,,
746,BXF4260,387450475,CIC2140CIC               ,35345560110,2025-06-18 11:06:31,A PAGAR,189.0,C:\BOT\LICENCIAMENTO\TESTE Lic Licenciamento 2025 - RENAVAM 387450475.pdf,2025-06-18 11:06:32,SEM DEBITOS,0,,
750,QCZ0J70,1175800233,9BVRG40D9KE862490        ,10425282003814,2025-06-18 17:10:55,QUITADO,,,2025-06-18 17:11:17,A PAGAR,2,260.31,C:\BOT\MULTAS\MULTAS - 2025 - RENAVAM 1175800233.pdf
751,QCZ1E50,1175803810,9ADB0902JKM431483        ,10425282005353,2025-06-18 11:11:52,A PAGAR,189.0,C:\BOT\LICENCIAMENTO\TESTE Lic Licenciamento 2025 - RENAVAM 1175803810.pdf,2025-06-18 11:11:52,SEM DEBITOS,0,,
753,OAT7C20,567899160,9BM979028DS017154        ,10425282007216,2025-06-18 11:14:00,A PAGAR,189.0,C:\BOT\LICENCIAMENTO\TESTE Lic Licenciamento 2025 - RENAVAM 567899160.pdf,2025-06-18 11:14:00,SEM DEBITOS,0,,
764,QCG8170,1173803090,9C2KD0810KR106737        ,10425282004209,2025-06-18 11:24:24,A PAGAR,189.0,C:\BOT\LICENCIAMENTO\TESTE Lic Licenciamento 2025 - RENAVAM 1173803090.pdf,2025-06-18 11:24:24,SEM DEBITOS,0,,
768,DSF9890,924265957,9BSP6X4B073606397        ,10425282003652,2025-06-18 11:28:03,A PAGAR,189.0,C:\BOT\LICENCIAMENTO\TESTE Lic Licenciamento 2025 - RENAVAM 924265957.pdf,2025-06-18 11:28:03,SEM DEBITOS,0,,
769,RAY9F90,1280571451,94BG1533MNR059137        ,10425282006597,2025-06-18 11:29:09,A PAGAR,189.0,C:\BOT\LICENCIAMENTO\TESTE Lic Licenciamento 2025 - RENAVAM 1280571451.pdf,2025-06-18 11:29:09,SEM DEBITOS,0,,
772,QCZ1J40,1175808250,9ADG0933JKM434616        ,10425282004705,2025-06-18 11:31:44,A PAGAR,189.0,C:\BOT\LICENCIAMENTO\TESTE Lic Licenciamento 2025 - RENAVAM 1175808250.pdf,2025-06-18 11:31:44,SEM DEBITOS,0,,
779,BXG6570,633201510,9BWYTARB7SDB85107        ,10425282004896,2025-06-18 11:38:08,A PAGAR,189.0,C:\BOT\LICENCIAMENTO\TESTE Lic Licenciamento 2025 - RENAVAM 633201510.pdf,2025-06-18 11:38:08,SEM DEBITOS,0,,
781,AKO2D90,793279216,9BVA4B5A02E683422        ,10425282003229,2025-06-18 11:39:58,A PAGAR,189.0,C:\BOT\LICENCIAMENTO\TESTE Lic Licenciamento 2025 - RENAVAM 793279216.pdf,2025-06-18 11:39:58,SEM DEBITOS,0,,
789,SVB9J90,1368484910,9C2KD0810RR022571        ,10425282004209,2025-06-18 11:47:17,A PAGAR,189.0,C:\BOT\LICENCIAMENTO\TESTE Lic Licenciamento 2025 - RENAVAM 1368484910.pdf,2025-06-18 11:47:17,SEM DEBITOS,0,,
791,DZX5I90,938968661,9BSP6X4B073613469        ,10425282003652,2025-06-18 14:17:41,A PAGAR,189.0,C:\BOT\LICENCIAMENTO\TESTE Lic Licenciamento 2025 - RENAVAM 938968661.pdf,2025-06-18 14:17:41,SEM DEBITOS,0,,
794,SPT9C00,1417816756,9BVRT60D7SE614669        ,10425282003490,2025-06-18 11:52:16,A PAGAR,189.0,C:\BOT\LICENCIAMENTO\TESTE Lic Licenciamento 2025 - RENAVAM 1417816756.pdf,2025-06-18 11:52:17,SEM DEBITOS,0,,
797,GVP7190,310760089,9BM345050GB723059        ,10425282004896,2025-06-18 11:55:29,A PAGAR,189.0,C:\BOT\LICENCIAMENTO\TESTE Lic Licenciamento 2025 - RENAVAM 310760089.pdf,2025-06-18 11:55:30,SEM DEBITOS,0,,
799,AFQ2590,644280425,9BFYTARB0SDB76345        ,10425282004896,2025-06-18 11:57:40,A PAGAR,189.0,C:\BOT\LICENCIAMENTO\TESTE Lic Licenciamento 2025 - RENAVAM 644280425.pdf,2025-06-18 11:57:40,SEM DEBITOS,0,,
715,LYQ3F60,643665161,9ADR12430SM117087        ,10425282000122,2025-06-18 10:25:43,A PAGAR,189.0,C:\BOT\LICENCIAMENTO\TESTE Lic Licenciamento 2025 - RENAVAM 643665161.pdf,2025-06-18 10:25:43,SEM DEBITOS,0,,
717,JZL1360,128107952,9BM345305HB749690        ,10425282004705,2025-06-18 10:27:53,A PAGAR,597.0,C:\BOT\LICENCIAMENTO\TESTE Lic Licenciamento 2025 - RENAVAM 128107952.pdf,2025-06-18 10:28:14,A PAGAR,3,597.99,C:\BOT\MULTAS\MULTAS - 2025 - RENAVAM 128107952.pdf
719,QCE8030,1177428129,3C6DFVBK0JE142778        ,10425282003490,2025-06-18 10:30:37,A PAGAR,189.0,C:\BOT\LICENCIAMENTO\TESTE Lic Licenciamento 2025 - RENAVAM 1177428129.pdf,2025-06-18 10:30:38,SEM DEBITOS,0,,
720,QCG8F20,1173821926,9ADG0933JKM433496        ,10425282003814,2025-06-18 10:31:46,A PAGAR,189.0,C:\BOT\LICENCIAMENTO\TESTE Lic Licenciamento 2025 - RENAVAM 1173821926.pdf,2025-06-18 10:31:46,SEM DEBITOS,0,,
723,QCZ1B70,1175801035,9BVRG40D5KE862577        ,10425282003652,2025-06-18 10:35:13,A PAGAR,394.0,C:\BOT\LICENCIAMENTO\TESTE Lic Licenciamento 2025 - RENAVAM 1175801035.pdf,2025-06-18 10:35:33,A PAGAR,2,394.36,C:\BOT\MULTAS\MULTAS - 2025 - RENAVAM 1175801035.pdf
726,FFG2120,486440249,953658242CR239264        ,10425282005868,2025-06-18 10:38:29,A PAGAR,189.0,C:\BOT\LICENCIAMENTO\TESTE Lic Licenciamento 2025 - RENAVAM 486440249.pdf,2025-06-18 10:38:29,SEM DEBITOS,0,,
727,RAX2B10,1279693824,94BG1533MNR058011        ,10425282006597,2025-06-18 10:39:36,A PAGAR,189.0,C:\BOT\LICENCIAMENTO\TESTE Lic Licenciamento 2025 - RENAVAM 1279693824.pdf,2025-06-18 10:39:36,SEM DEBITOS,0,,
729,SPN9I50,1401880492,9D8CPR153R1000453        ,10425282003229,2025-06-18 10:41:49,A PAGAR,189.0,C:\BOT\LICENCIAMENTO\TESTE Lic Licenciamento 2025 - RENAVAM 1401880492.pdf,2025-06-18 10:41:49,SEM DEBITOS,0,,
731,QCV3F00,1176357465,9ADG1133JKM434676        ,10425282003652,2025-06-18 10:44:05,A PAGAR,189.0,C:\BOT\LICENCIAMENTO\TESTE Lic Licenciamento 2025 - RENAVAM 1176357465.pdf,2025-06-18 10:44:05,SEM DEBITOS,0,,
732,SPJ0A20,1400143168,9D8CPR133R1000441        ,10425282004624,2025-06-18 10:45:16,A PAGAR,189.0,C:\BOT\LICENCIAMENTO\TESTE Lic Licenciamento 2025 - RENAVAM 1400143168.pdf,2025-06-18 10:45:16,SEM DEBITOS,0,,
736,QCZ2F60,1175811618,9ADG1133JKM434623        ,10425282004705,2025-06-18 10:49:16,A PAGAR,189.0,C:\BOT\LICENCIAMENTO\TESTE Lic Licenciamento 2025 - RENAVAM 1175811618.pdf,2025-06-18 10:49:16,SEM DEBITOS,0,,
737,SPJ7D80,1400487150,9D8CPR153R1000444        ,10425282003733,2025-06-18 10:50:19,A PAGAR,189.0,C:\BOT\LICENCIAMENTO\TESTE Lic Licenciamento 2025 - RENAVAM 1400487150.pdf,2025-06-18 10:50:20,SEM DEBITOS,0,,
739,QCZ2A70,1175808447,9ADG0933JKM434618        ,10425282004705,2025-06-18 10:53:04,A PAGAR,189.0,C:\BOT\LICENCIAMENTO\TESTE Lic Licenciamento 2025 - RENAVAM 1175808447.pdf,2025-06-18 10:53:04,SEM DEBITOS,0,,
741,RRR9B40,1328000068,9BWJL45U1PP022241        ,10425282004209,2025-06-18 10:55:18,A PAGAR,189.0,C:\BOT\LICENCIAMENTO\TESTE Lic Licenciamento 2025 - RENAVAM 1328000068.pdf,2025-06-18 10:55:18,SEM DEBITOS,0,,
714,QCF9F60,1173540404,9BVRG40D6KE861862        ,10425282003490,2025-06-18 11:01:02,A PAGAR,189.0,C:\BOT\LICENCIAMENTO\TESTE Lic Licenciamento 2025 - RENAVAM 1173540404.pdf,2025-06-18 11:01:03,SEM DEBITOS,0,,
743,QCZ2E20,1175810891,9ADG1133JKM434617        ,10425282004705,2025-06-18 11:03:31,A PAGAR,189.0,C:\BOT\LICENCIAMENTO\TESTE Lic Licenciamento 2025 - RENAVAM 1175810891.pdf,2025-06-18 11:03:31,SEM DEBITOS,0,,
745,QBI8650,1065670742,9C2KD0800FR058525        ,10425282004209,2025-06-18 11:05:26,A PAGAR,189.0,C:\BOT\LICENCIAMENTO\TESTE Lic Licenciamento 2025 - RENAVAM 1065670742.pdf,2025-06-18 11:05:26,SEM DEBITOS,0,,
747,SPT9D00,1417823272,9BVRT60D7SE615249        ,10425282003490,2025-06-18 11:07:45,A PAGAR,189.0,C:\BOT\LICENCIAMENTO\TESTE Lic Licenciamento 2025 - RENAVAM 1417823272.pdf,2025-06-18 11:07:45,SEM DEBITOS,0,,
749,SPT9C70,1417820427,9BVRT60D3SE614766        ,10425282003490,2025-06-18 11:09:35,A PAGAR,189.0,C:\BOT\LICENCIAMENTO\TESTE Lic Licenciamento 2025 - RENAVAM 1417820427.pdf,2025-06-18 11:09:35,SEM DEBITOS,0,,
752,RAK4I10,1213683529,9C2KD0810KR240315        ,10425282004209,2025-06-18 11:12:56,A PAGAR,189.0,C:\BOT\LICENCIAMENTO\TESTE Lic Licenciamento 2025 - RENAVAM 1213683529.pdf,2025-06-18 11:12:56,SEM DEBITOS,0,,
754,NIY2B60,936036834,9AA21102G8C069334        ,10425282003571,2025-06-18 11:15:08,A PAGAR,189.0,C:\BOT\LICENCIAMENTO\TESTE Lic Licenciamento 2025 - RENAVAM 936036834.pdf,2025-06-18 11:15:08,SEM DEBITOS,0,,
755,SPC1H20,1361816128,8AJKA3CD7R3119163        ,10425282003229,2025-06-18 11:16:12,A PAGAR,587.0,C:\BOT\LICENCIAMENTO\TESTE Lic Licenciamento 2025 - RENAVAM 1361816128.pdf,2025-06-18 11:16:32,A PAGAR,3,587.63,C:\BOT\MULTAS\MULTAS - 2025 - RENAVAM 1361816128.pdf
758,QCZ0I50,1175799286,9BVRG40D7KE862493        ,10425282003814,2025-06-18 11:19:13,A PAGAR,296.0,C:\BOT\LICENCIAMENTO\TESTE Lic Licenciamento 2025 - RENAVAM 1175799286.pdf,2025-06-18 11:19:32,A PAGAR,1,296.4,C:\BOT\MULTAS\MULTAS - 2025 - RENAVAM 1175799286.pdf
773,IAQ4050,606167919,9BM384088NB949840        ,10425282004896,2025-06-18 11:32:49,A PAGAR,189.0,C:\BOT\LICENCIAMENTO\TESTE Lic Licenciamento 2025 - RENAVAM 606167919.pdf,2025-06-18 11:32:49,SEM DEBITOS,0,,
776,RAR9B50,1277646586,9BVRG40D8ME906553        ,10425282006597,2025-06-18 11:35:20,A PAGAR,189.0,C:\BOT\LICENCIAMENTO\TESTE Lic Licenciamento 2025 - RENAVAM 1277646586.pdf,2025-06-18 11:35:20,SEM DEBITOS,0,,
777,SPT9C30,1417817965,9BVRT60D0SE614872        ,10425282003490,2025-06-18 11:36:21,A PAGAR,189.0,C:\BOT\LICENCIAMENTO\TESTE Lic Licenciamento 2025 - RENAVAM 1417817965.pdf,2025-06-18 11:36:22,SEM DEBITOS,0,,
783,QCG8I00,1173828580,9ADG1133JKM433513        ,10425282003814,2025-06-18 11:41:53,A PAGAR,189.0,C:\BOT\LICENCIAMENTO\TESTE Lic Licenciamento 2025 - RENAVAM 1173828580.pdf,2025-06-18 11:41:53,SEM DEBITOS,0,,
788,QCZ1C70,1175801353,9BVRG40D2KE862576        ,10425282003652,2025-06-18 11:46:06,A PAGAR,189.0,C:\BOT\LICENCIAMENTO\TESTE Lic Licenciamento 2025 - RENAVAM 1175801353.pdf,2025-06-18 11:46:06,SEM DEBITOS,0,,
790,QCZ2D30,1175810522,9ADG1133JKM434603        ,10425282004705,2025-06-18 11:48:19,A PAGAR,189.0,C:\BOT\LICENCIAMENTO\TESTE Lic Licenciamento 2025 - RENAVAM 1175810522.pdf,2025-06-18 11:48:19,SEM DEBITOS,0,,
795,QBA9240,1022483754,9A9DS01CPEBDT6576        ,10425282004896,2025-06-18 11:53:20,A PAGAR,189.0,C:\BOT\LICENCIAMENTO\TESTE Lic Licenciamento 2025 - RENAVAM 1022483754.pdf,2025-06-18 11:53:20,SEM DEBITOS,0,,
796,SPN9I10,1401879354,9D8CPR153R1000452        ,10425282003229,2025-06-18 11:54:27,A PAGAR,189.0,C:\BOT\LICENCIAMENTO\TESTE Lic Licenciamento 2025 - RENAVAM 1401879354.pdf,2025-06-18 11:54:28,SEM DEBITOS,0,,
798,KRU8A90,1113133330,9BM384078HB048162        ,10425282004209,2025-06-18 11:56:37,A PAGAR,189.0,C:\BOT\LICENCIAMENTO\TESTE Lic Licenciamento 2025 - RENAVAM 1113133330.pdf,2025-06-18 11:56:37,SEM DEBITOS,0,,
800,SPO0B60,1401891001,9D8CPR153R1000449        ,10425282003814,2025-06-18 11:58:46,A PAGAR,189.0,C:\BOT\LICENCIAMENTO\TESTE Lic Licenciamento 2025 - RENAVAM 1401891001.pdf,2025-06-18 11:58:46,SEM DEBITOS,0,,
802,JZJ0H60,406795231,9BM345433LB869975        ,10425282004705,2025-06-18 12:00:57,A PAGAR,189.0,C:\BOT\LICENCIAMENTO\TESTE Lic Licenciamento 2025 - RENAVAM 406795231.pdf,2025-06-18 12:00:57,SEM DEBITOS,0,,
793,NJJ4750,941718620,9BFVCAC998BB00152        ,10425282004896,2025-06-18 14:18:48,A PAGAR,189.0,C:\BOT\LICENCIAMENTO\TESTE Lic Licenciamento 2025 - RENAVAM 941718620.pdf,2025-06-18 14:18:48,SEM DEBITOS,0,,
523,SPC1F30,1361812564,8AJKA3CD7R3118935        ,10425282003229,2025-06-17 15:30:10,A PAGAR,189.0,C:\BOT\LICENCIAMENTO\TESTE Lic Licenciamento 2025 - RENAVAM 1361812564.pdf,2025-06-17 15:30:10,SEM DEBITOS,0,,
525,RAX1J90,1279688626,94BG1533MNR057983        ,10425282003571,2025-06-17 15:32:11,A PAGAR,189.0,C:\BOT\LICENCIAMENTO\TESTE Lic Licenciamento 2025 - RENAVAM 1279688626.pdf,2025-06-17 15:32:12,SEM DEBITOS,0,,
528,QCZ1D80,1175803305,9ADM0452JKM431802        ,10425282005353,2025-06-17 15:35:10,A PAGAR,189.0,C:\BOT\LICENCIAMENTO\TESTE Lic Licenciamento 2025 - RENAVAM 1175803305.pdf,2025-06-17 15:35:10,SEM DEBITOS,0,,
529,RAL1H00,1215371877,9BSR6X400L3962515        ,10425282003814,2025-06-17 15:36:06,A PAGAR,189.0,C:\BOT\LICENCIAMENTO\TESTE Lic Licenciamento 2025 - RENAVAM 1215371877.pdf,2025-06-17 15:36:07,SEM DEBITOS,0,,
531,RAK8H70,1213901933,9BVRG40D3LE878338        ,10425282003733,2025-06-17 15:38:09,A PAGAR,189.0,C:\BOT\LICENCIAMENTO\TESTE Lic Licenciamento 2025 - RENAVAM 1213901933.pdf,2025-06-17 15:38:09,SEM DEBITOS,0,,
534,QCC7G30,1211448212,9BSR6X400L3962675        ,10425282003814,2025-06-17 15:40:25,A PAGAR,189.0,C:\BOT\LICENCIAMENTO\TESTE Lic Licenciamento 2025 - RENAVAM 1211448212.pdf,2025-06-17 15:40:25,SEM DEBITOS,0,,
535,QCZ2D80,1175810760,9ADG1133JKM434607        ,10425282004705,2025-06-17 15:41:25,A PAGAR,189.0,C:\BOT\LICENCIAMENTO\TESTE Lic Licenciamento 2025 - RENAVAM 1175810760.pdf,2025-06-17 15:41:25,SEM DEBITOS,0,,
539,QCZ0I20,1175799103,9BVRG40D2KE862495        ,10425282003814,2025-06-17 15:44:19,A PAGAR,189.0,C:\BOT\LICENCIAMENTO\TESTE Lic Licenciamento 2025 - RENAVAM 1175799103.pdf,2025-06-17 15:44:20,SEM DEBITOS,0,,
540,QCZ1D50,1175802260,9BVRG40D4KE862607        ,10425282005353,2025-06-17 15:45:20,A PAGAR,189.0,C:\BOT\LICENCIAMENTO\TESTE Lic Licenciamento 2025 - RENAVAM 1175802260.pdf,2025-06-17 15:45:20,SEM DEBITOS,0,,
542,RRO1C50,1319496331,9BM951102NB278844        ,10425282004209,2025-06-17 15:47:22,A PAGAR,189.0,C:\BOT\LICENCIAMENTO\TESTE Lic Licenciamento 2025 - RENAVAM 1319496331.pdf,2025-06-17 15:47:22,SEM DEBITOS,0,,
544,NJO8G90,944701388,9AA07082G8C073232        ,10425282003229,2025-06-17 15:49:32,A PAGAR,189.0,C:\BOT\LICENCIAMENTO\TESTE Lic Licenciamento 2025 - RENAVAM 944701388.pdf,2025-06-17 15:49:32,SEM DEBITOS,0,,
545,QCZ0I60,1175799448,9BVRG40DXKE862494        ,10425282003814,2025-06-17 15:50:32,A PAGAR,189.0,C:\BOT\LICENCIAMENTO\TESTE Lic Licenciamento 2025 - RENAVAM 1175799448.pdf,2025-06-17 15:50:33,SEM DEBITOS,0,,
546,QCC7G70,1211449642,9BSR6X400L3962694        ,10425282003814,2025-06-17 15:52:32,A PAGAR,189.0,C:\BOT\LICENCIAMENTO\TESTE Lic Licenciamento 2025 - RENAVAM 1211449642.pdf,2025-06-17 15:52:33,SEM DEBITOS,0,,
548,RAL1G50,1215368183,9BSR6X400L3962507        ,10425282003814,2025-06-17 15:54:07,A PAGAR,,,2025-06-17 15:54:07,SEM DEBITOS,0,,
549,SPJ7E20,1400488246,9D8CPR133R1000443        ,10425282003733,2025-06-17 15:54:46,A PAGAR,,,2025-06-17 15:54:46,SEM DEBITOS,0,,
550,SPR7G10,1415304731,9C2KD0820SR007105        ,10425282004209,2025-06-17 15:55:46,A PAGAR,189.0,C:\BOT\LICENCIAMENTO\TESTE Lic Licenciamento 2025 - RENAVAM 1415304731.pdf,2025-06-17 15:55:46,SEM DEBITOS,0,,
554,SPC1F80,1361814370,8AJKA3CD1R3119191        ,10425282003229,2025-06-17 15:58:31,A PAGAR,320.0,C:\BOT\LICENCIAMENTO\TESTE Lic Licenciamento 2025 - RENAVAM 1361814370.pdf,2025-06-17 15:58:51,A PAGAR,2,320.8,C:\BOT\MULTAS\MULTAS - 2025 - RENAVAM 1361814370.pdf
556,QCG8D60,1173809900,9ADG0933JKM433490        ,10425282003814,2025-06-17 16:00:48,A PAGAR,189.0,C:\BOT\LICENCIAMENTO\TESTE Lic Licenciamento 2025 - RENAVAM 1173809900.pdf,2025-06-17 16:00:48,SEM DEBITOS,0,,
558,RRL0B20,1302495930,93KKSN0A9NE179060        ,10425282004209,2025-06-17 16:02:50,A PAGAR,189.0,C:\BOT\LICENCIAMENTO\TESTE Lic Licenciamento 2025 - RENAVAM 1302495930.pdf,2025-06-17 16:02:50,SEM DEBITOS,0,,
522,QCZ0J50,1175799979,9BVRG40D1KE862491        ,10425282003814,2025-06-17 15:29:11,A PAGAR,189.0,C:\BOT\LICENCIAMENTO\TESTE Lic Licenciamento 2025 - RENAVAM 1175799979.pdf,2025-06-17 15:29:11,SEM DEBITOS,0,,
560,SPR6H10,1410100917,9C2KD0820SR004132        ,10425282004209,2025-06-17 16:04:39,A PAGAR,189.0,C:\BOT\LICENCIAMENTO\TESTE Lic Licenciamento 2025 - RENAVAM 1410100917.pdf,2025-06-17 16:04:39,SEM DEBITOS,0,,
564,QCV3H20,1176364542,9ADG1133JKM434611        ,10425282003652,2025-06-17 16:08:16,A PAGAR,189.0,C:\BOT\LICENCIAMENTO\TESTE Lic Licenciamento 2025 - RENAVAM 1176364542.pdf,2025-06-17 16:08:17,SEM DEBITOS,0,,
566,QCD0H70,1172575948,9ADG0933JKM431657        ,10425282003490,2025-06-17 16:10:15,A PAGAR,189.0,C:\BOT\LICENCIAMENTO\TESTE Lic Licenciamento 2025 - RENAVAM 1172575948.pdf,2025-06-17 16:10:15,SEM DEBITOS,0,,
568,JZL8230,125497407,34413312001307           ,10425282004705,2025-06-17 16:11:48,A PAGAR,189.0,C:\BOT\LICENCIAMENTO\TESTE Lic Licenciamento 2025 - RENAVAM 125497407.pdf,2025-06-17 16:11:48,SEM DEBITOS,0,,
571,QCZ0H80,1175798948,9BVRG40D5KE862496        ,10425282003814,2025-06-17 16:14:40,A PAGAR,189.0,C:\BOT\LICENCIAMENTO\TESTE Lic Licenciamento 2025 - RENAVAM 1175798948.pdf,2025-06-17 16:14:40,SEM DEBITOS,0,,
572,RAL1G70,1215369791,9BSR6X400L3962513        ,10425282003814,2025-06-17 16:15:34,A PAGAR,189.0,C:\BOT\LICENCIAMENTO\TESTE Lic Licenciamento 2025 - RENAVAM 1215369791.pdf,2025-06-17 16:15:34,SEM DEBITOS,0,,
574,OBK2B40,495467316,9A9BT1742DCDJ5047        ,10425282000122,2025-06-17 16:17:25,A PAGAR,189.0,C:\BOT\LICENCIAMENTO\TESTE Lic Licenciamento 2025 - RENAVAM 495467316.pdf,2025-06-17 16:17:26,SEM DEBITOS,0,,
576,BWG3E00,397346778,9BM384003KB862629        ,10425282004896,2025-06-17 16:19:21,A PAGAR,189.0,C:\BOT\LICENCIAMENTO\TESTE Lic Licenciamento 2025 - RENAVAM 397346778.pdf,2025-06-17 16:19:21,SEM DEBITOS,0,,
577,SPT9C90,1417822373,9BVRT60D8SE615075        ,10425282003490,2025-06-17 16:20:20,A PAGAR,189.0,C:\BOT\LICENCIAMENTO\TESTE Lic Licenciamento 2025 - RENAVAM 1417822373.pdf,2025-06-17 16:20:21,SEM DEBITOS,0,,
582,OBB9F80,490948219,93KAM30D4BE767881        ,10425282000122,2025-06-17 16:23:29,A PAGAR,189.0,C:\BOT\LICENCIAMENTO\TESTE Lic Licenciamento 2025 - RENAVAM 490948219.pdf,2025-06-17 16:23:30,SEM DEBITOS,0,,
584,QCZ2F40,1175811456,9ADG1133JKM433517        ,10425282004705,2025-06-17 16:24:38,A PAGAR,189.0,C:\BOT\LICENCIAMENTO\TESTE Lic Licenciamento 2025 - RENAVAM 1175811456.pdf,2025-06-17 16:24:38,SEM DEBITOS,0,,
586,JZJ8390,125513410,34414112320734           ,10425282004705,2025-06-17 16:26:30,A PAGAR,189.0,C:\BOT\LICENCIAMENTO\TESTE Lic Licenciamento 2025 - RENAVAM 125513410.pdf,2025-06-17 16:26:30,SEM DEBITOS,0,,
588,QCZ0E70,1175797640,9BVRG40D7KE862488        ,10425282003490,2025-06-17 16:28:25,A PAGAR,189.0,C:\BOT\LICENCIAMENTO\TESTE Lic Licenciamento 2025 - RENAVAM 1175797640.pdf,2025-06-17 16:28:25,SEM DEBITOS,0,,
597,KAM9J20,791411370,9BFZTNYT42BB18160        ,10425282004896,2025-06-17 16:36:34,A PAGAR,189.0,C:\BOT\LICENCIAMENTO\TESTE Lic Licenciamento 2025 - RENAVAM 791411370.pdf,2025-06-17 16:36:34,SEM DEBITOS,0,,
600,QCV3F60,1176359964,9ADG1133JKM434615        ,10425282003652,2025-06-17 16:39:15,A PAGAR,189.0,C:\BOT\LICENCIAMENTO\TESTE Lic Licenciamento 2025 - RENAVAM 1176359964.pdf,2025-06-17 16:39:15,SEM DEBITOS,0,,
601,QCZ0C90,1175795868,9BVRG40D5KE862598        ,10425282003652,2025-06-17 16:40:14,A PAGAR,189.0,C:\BOT\LICENCIAMENTO\TESTE Lic Licenciamento 2025 - RENAVAM 1175795868.pdf,2025-06-17 16:40:14,SEM DEBITOS,0,,
603,QCC7F90,1211445418,9BSR6X400L3962669        ,10425282003814,2025-06-17 16:42:16,A PAGAR,189.0,C:\BOT\LICENCIAMENTO\TESTE Lic Licenciamento 2025 - RENAVAM 1211445418.pdf,2025-06-17 16:42:16,SEM DEBITOS,0,,
605,SPO4E10,1402060685,9BVRT60D1RE607646        ,10425282003229,2025-06-17 16:44:03,A PAGAR,189.0,C:\BOT\LICENCIAMENTO\TESTE Lic Licenciamento 2025 - RENAVAM 1402060685.pdf,2025-06-17 16:44:03,SEM DEBITOS,0,,
606,QCD0H90,1172576995,9ADG1133JKM431658        ,10425282003490,2025-06-17 16:44:56,A PAGAR,189.0,C:\BOT\LICENCIAMENTO\TESTE Lic Licenciamento 2025 - RENAVAM 1172576995.pdf,2025-06-17 16:44:57,SEM DEBITOS,0,,
608,RAX2C20,1279697811,9BVRG40DXME908058        ,10425282004624,2025-06-17 16:47:03,A PAGAR,189.0,C:\BOT\LICENCIAMENTO\TESTE Lic Licenciamento 2025 - RENAVAM 1279697811.pdf,2025-06-17 16:47:03,SEM DEBITOS,0,,
610,OBK2B50,495167690,9A9DR1762DLDJ5034        ,10425282000122,2025-06-17 16:48:55,A PAGAR,189.0,C:\BOT\LICENCIAMENTO\TESTE Lic Licenciamento 2025 - RENAVAM 495167690.pdf,2025-06-17 16:48:55,SEM DEBITOS,0,,
611,AHH7640,683188895,9BM384087VB131896        ,10425282004896,2025-06-17 16:50:00,A PAGAR,189.0,C:\BOT\LICENCIAMENTO\TESTE Lic Licenciamento 2025 - RENAVAM 683188895.pdf,2025-06-17 16:50:00,SEM DEBITOS,0,,
614,QCZ1D70,1175802791,9BVRG40D7KE862608        ,10425282005353,2025-06-17 16:52:40,A PAGAR,189.0,C:\BOT\LICENCIAMENTO\TESTE Lic Licenciamento 2025 - RENAVAM 1175802791.pdf,2025-06-17 16:52:40,SEM DEBITOS,0,,
616,QCV3E20,1176355560,9ADG1133JKM434626        ,10425282003652,2025-06-17 16:54:43,A PAGAR,189.0,C:\BOT\LICENCIAMENTO\TESTE Lic Licenciamento 2025 - RENAVAM 1176355560.pdf,2025-06-17 16:54:43,SEM DEBITOS,0,,
617,QCD1B10,1172583940,9ADG1133JKM433080        ,10425282003490,2025-06-17 16:55:57,A PAGAR,189.0,C:\BOT\LICENCIAMENTO\TESTE Lic Licenciamento 2025 - RENAVAM 1172583940.pdf,2025-06-17 16:55:58,SEM DEBITOS,0,,
619,QCZ2C30,1175809427,9ADG0933JKM434622        ,10425282004705,2025-06-17 16:58:05,A PAGAR,189.0,C:\BOT\LICENCIAMENTO\TESTE Lic Licenciamento 2025 - RENAVAM 1175809427.pdf,2025-06-17 16:58:06,SEM DEBITOS,0,,
622,RAK3H40,1213621930,9BVRG40D6LE877495        ,10425282003733,2025-06-17 17:02:41,A PAGAR,189.0,C:\BOT\LICENCIAMENTO\TESTE Lic Licenciamento 2025 - RENAVAM 1213621930.pdf,2025-06-17 17:02:41,SEM DEBITOS,0,,
623,SPO4C10,1402052470,9BVRT60D5RE607494        ,10425282003229,2025-06-17 17:03:41,A PAGAR,189.0,C:\BOT\LICENCIAMENTO\TESTE Lic Licenciamento 2025 - RENAVAM 1402052470.pdf,2025-06-17 17:03:42,SEM DEBITOS,0,,
625,QCZ0B70,1175794896,9BVRG40D3KE862499        ,10425282003652,2025-06-17 17:05:36,A PAGAR,189.0,C:\BOT\LICENCIAMENTO\TESTE Lic Licenciamento 2025 - RENAVAM 1175794896.pdf,2025-06-17 17:05:36,SEM DEBITOS,0,,
628,QCD1B30,1172584270,9ADG0933JKM431651        ,10425282003490,2025-06-17 17:07:38,A PAGAR,189.0,C:\BOT\LICENCIAMENTO\TESTE Lic Licenciamento 2025 - RENAVAM 1172584270.pdf,2025-06-17 17:07:38,SEM DEBITOS,0,,
629,SPC1H30,1361816624,8AJKA3CD6R3119137        ,10425282003229,2025-06-17 17:08:40,A PAGAR,189.0,C:\BOT\LICENCIAMENTO\TESTE Lic Licenciamento 2025 - RENAVAM 1361816624.pdf,2025-06-17 17:08:40,SEM DEBITOS,0,,
631,SPN7B00,1401777144,93KK0Y1D6RE199628        ,10425282003490,2025-06-17 17:10:53,A PAGAR,189.0,C:\BOT\LICENCIAMENTO\TESTE Lic Licenciamento 2025 - RENAVAM 1401777144.pdf,2025-06-17 17:10:53,SEM DEBITOS,0,,
633,QCF9G00,1173541230,9BVRG40D7KE862007        ,10425282003490,2025-06-17 17:12:49,A PAGAR,189.0,C:\BOT\LICENCIAMENTO\TESTE Lic Licenciamento 2025 - RENAVAM 1173541230.pdf,2025-06-17 17:12:49,SEM DEBITOS,0,,
635,QCC7H10,1211450691,9BSR6X400L3962677        ,10425282003814,2025-06-17 17:14:49,A PAGAR,189.0,C:\BOT\LICENCIAMENTO\TESTE Lic Licenciamento 2025 - RENAVAM 1211450691.pdf,2025-06-17 17:14:49,SEM DEBITOS,0,,
638,QCD1C40,1172585455,9ADG0933JKM431639        ,10425282003490,2025-06-17 17:16:33,A PAGAR,189.0,C:\BOT\LICENCIAMENTO\TESTE Lic Licenciamento 2025 - RENAVAM 1172585455.pdf,2025-06-17 17:16:33,SEM DEBITOS,0,,
641,NPP7140,171721624,9C2KD04309R014850        ,10425282003229,2025-06-17 17:19:18,A PAGAR,189.0,C:\BOT\LICENCIAMENTO\TESTE Lic Licenciamento 2025 - RENAVAM 171721624.pdf,2025-06-17 17:19:18,SEM DEBITOS,0,,
642,QCV3D00,1176350878,9ADG1133JKM434629        ,10425282003652,2025-06-17 17:20:17,A PAGAR,189.0,C:\BOT\LICENCIAMENTO\TESTE Lic Licenciamento 2025 - RENAVAM 1176350878.pdf,2025-06-17 17:20:17,SEM DEBITOS,0,,
644,QCF9G30,1173541664,9BVRG40D3KE862018        ,10425282003490,2025-06-17 17:22:09,A PAGAR,189.0,C:\BOT\LICENCIAMENTO\TESTE Lic Licenciamento 2025 - RENAVAM 1173541664.pdf,2025-06-17 17:22:09,SEM DEBITOS,0,,
647,SPP4J50,1402473130,93KK0Y1D3RE199627        ,10425282003571,2025-06-17 17:24:49,A PAGAR,221.0,C:\BOT\LICENCIAMENTO\TESTE Lic Licenciamento 2025 - RENAVAM 1402473130.pdf,2025-06-17 17:24:49,SEM DEBITOS,0,,
649,IML4J30,853756341,9A97FL53P5ADK3243        ,10425282004209,2025-06-17 17:26:38,A PAGAR,189.0,C:\BOT\LICENCIAMENTO\TESTE Lic Licenciamento 2025 - RENAVAM 853756341.pdf,2025-06-17 17:26:38,SEM DEBITOS,0,,
651,RRL0E20,1315114795,93KKSN0A0NE179321        ,10425282004209,2025-06-17 17:28:26,A PAGAR,189.0,C:\BOT\LICENCIAMENTO\TESTE Lic Licenciamento 2025 - RENAVAM 1315114795.pdf,2025-06-17 17:28:27,SEM DEBITOS,0,,
653,QCZ0H90,1175799065,9BVRG40D0KE862579        ,10425282003652,2025-06-17 17:30:20,A PAGAR,189.0,C:\BOT\LICENCIAMENTO\TESTE Lic Licenciamento 2025 - RENAVAM 1175799065.pdf,2025-06-17 17:30:21,SEM DEBITOS,0,,
655,AFU0H60,553843842,9AUG12430R1023206        ,10425282000122,2025-06-17 17:32:10,A PAGAR,189.0,C:\BOT\LICENCIAMENTO\TESTE Lic Licenciamento 2025 - RENAVAM 553843842.pdf,2025-06-17 17:32:10,SEM DEBITOS,0,,
657,GTI8900,627911609,9A9V11030R1AJ6706        ,10425282004896,2025-06-17 17:34:03,A PAGAR,189.0,C:\BOT\LICENCIAMENTO\TESTE Lic Licenciamento 2025 - RENAVAM 627911609.pdf,2025-06-17 17:34:03,SEM DEBITOS,0,,
658,SPO0C80,1401894272,9D8CPR153R1000450        ,10425282003814,2025-06-17 17:35:08,A PAGAR,189.0,C:\BOT\LICENCIAMENTO\TESTE Lic Licenciamento 2025 - RENAVAM 1401894272.pdf,2025-06-17 17:35:09,SEM DEBITOS,0,,
660,QBN9I60,1068464752,9BVP0S1A0FE155532        ,10425282003229,2025-06-17 17:37:00,A PAGAR,189.0,C:\BOT\LICENCIAMENTO\TESTE Lic Licenciamento 2025 - RENAVAM 1068464752.pdf,2025-06-17 17:37:00,SEM DEBITOS,0,,
552,EWJ1E30,587286032,9BM958074DB935641        ,10425282004209,2025-06-18 09:16:21,A PAGAR,221.0,C:\BOT\LICENCIAMENTO\TESTE Lic Licenciamento 2025 - RENAVAM 587286032.pdf,2025-06-18 09:16:22,SEM DEBITOS,0,,
562,QCD9H40,1173047287,9BVRG40D9KE861777        ,10425282003490,2025-06-18 09:18:19,A PAGAR,189.0,C:\BOT\LICENCIAMENTO\TESTE Lic Licenciamento 2025 - RENAVAM 1173047287.pdf,2025-06-18 09:18:20,SEM DEBITOS,0,,
563,QCG8E90,1173820350,9ADG1133JKM433495        ,10425282003814,2025-06-18 09:19:16,A PAGAR,189.0,C:\BOT\LICENCIAMENTO\TESTE Lic Licenciamento 2025 - RENAVAM 1173820350.pdf,2025-06-18 09:19:16,SEM DEBITOS,0,,
579,KAM9720,791409716,9BFZTNYT32BB18134        ,10425282004896,2025-06-18 09:21:12,A PAGAR,189.0,C:\BOT\LICENCIAMENTO\TESTE Lic Licenciamento 2025 - RENAVAM 791409716.pdf,2025-06-18 09:21:12,SEM DEBITOS,0,,
598,QCV3G40,1176361870,9ADG1133JKM434613        ,10425282003652,2025-06-18 09:23:11,A PAGAR,189.0,C:\BOT\LICENCIAMENTO\TESTE Lic Licenciamento 2025 - RENAVAM 1176361870.pdf,2025-06-18 09:23:11,SEM DEBITOS,0,,
636,SPI9J90,1400140835,9D8CPR153R1000440        ,10425282004624,2025-06-18 09:25:42,A PAGAR,189.0,C:\BOT\LICENCIAMENTO\TESTE Lic Licenciamento 2025 - RENAVAM 1400140835.pdf,2025-06-18 09:25:42,SEM DEBITOS,0,,
640,JZZ1H20,767467590,9EL11CS031V005850        ,10425282004896,2025-06-18 09:26:36,A PAGAR,189.0,C:\BOT\LICENCIAMENTO\TESTE Lic Licenciamento 2025 - RENAVAM 767467590.pdf,2025-06-18 09:26:36,SEM DEBITOS,0,,
662,API3H20,939097800,9AA21102G8C071659        ,10425282004209,2025-06-18 09:28:24,A PAGAR,189.0,C:\BOT\LICENCIAMENTO\TESTE Lic Licenciamento 2025 - RENAVAM 939097800.pdf,2025-06-18 09:28:25,SEM DEBITOS,0,,
664,QCZ2B90,1175809230,9ADG0933JKM433516        ,10425282004705,2025-06-18 09:30:11,A PAGAR,189.0,C:\BOT\LICENCIAMENTO\TESTE Lic Licenciamento 2025 - RENAVAM 1175809230.pdf,2025-06-18 09:30:11,SEM DEBITOS,0,,
666,LXB7130,627077390,9ADV12230RM110354        ,33511705991,2025-06-18 09:32:04,A PAGAR,189.0,C:\BOT\LICENCIAMENTO\TESTE Lic Licenciamento 2025 - RENAVAM 627077390.pdf,2025-06-18 09:32:04,SEM DEBITOS,0,,
667,QCG8E80,1173819891,9ADG0933JKM433494        ,10425282003814,2025-06-18 09:32:59,A PAGAR,189.0,C:\BOT\LICENCIAMENTO\TESTE Lic Licenciamento 2025 - RENAVAM 1173819891.pdf,2025-06-18 09:32:59,SEM DEBITOS,0,,
669,QCF9F80,1173540838,9BVRG40D9KE861858        ,10425282003490,2025-06-18 09:34:52,A PAGAR,189.0,C:\BOT\LICENCIAMENTO\TESTE Lic Licenciamento 2025 - RENAVAM 1173540838.pdf,2025-06-18 09:34:52,SEM DEBITOS,0,,
672,NTY3E10,251211908,93KP0E0A7AE123930        ,10425282004896,2025-06-18 09:37:05,A PAGAR,189.0,C:\BOT\LICENCIAMENTO\TESTE Lic Licenciamento 2025 - RENAVAM 251211908.pdf,2025-06-18 09:37:05,SEM DEBITOS,0,,
673,KAG9640,790163144,9BYC27P2S2C000175        ,10425282004896,2025-06-18 09:38:02,A PAGAR,189.0,C:\BOT\LICENCIAMENTO\TESTE Lic Licenciamento 2025 - RENAVAM 790163144.pdf,2025-06-18 09:38:03,SEM DEBITOS,0,,
683,QCC7I10,1211454042,9BSR6X400L3962689        ,10425282003814,2025-06-18 09:46:14,A PAGAR,189.0,C:\BOT\LICENCIAMENTO\TESTE Lic Licenciamento 2025 - RENAVAM 1211454042.pdf,2025-06-18 09:46:14,SEM DEBITOS,0,,
686,SPC1E40,1361809652,8AJKA3CD9R3119164        ,10425282003229,2025-06-18 09:49:25,A PAGAR,189.0,C:\BOT\LICENCIAMENTO\TESTE Lic Licenciamento 2025 - RENAVAM 1361809652.pdf,2025-06-18 09:49:25,SEM DEBITOS,0,,
688,KAG3800,412089289,SRN3G0652A               ,10425282004896,2025-06-18 09:51:22,A PAGAR,189.0,C:\BOT\LICENCIAMENTO\TESTE Lic Licenciamento 2025 - RENAVAM 412089289.pdf,2025-06-18 09:51:22,SEM DEBITOS,0,,
690,EFO8D70,200480820,9A9SR1433AJAU8061        ,10425282004209,2025-06-18 09:53:22,A PAGAR,189.0,C:\BOT\LICENCIAMENTO\TESTE Lic Licenciamento 2025 - RENAVAM 200480820.pdf,2025-06-18 09:53:23,SEM DEBITOS,0,,
692,RAL1H10,1215372970,9BSR6X400L3962519        ,10425282003814,2025-06-18 09:55:27,A PAGAR,189.0,C:\BOT\LICENCIAMENTO\TESTE Lic Licenciamento 2025 - RENAVAM 1215372970.pdf,2025-06-18 09:55:28,SEM DEBITOS,0,,
693,JZO7100,655828044,9ADV12330TM120953        ,10425282004896,2025-06-18 09:56:25,A PAGAR,189.0,C:\BOT\LICENCIAMENTO\TESTE Lic Licenciamento 2025 - RENAVAM 655828044.pdf,2025-06-18 09:56:26,SEM DEBITOS,0,,
695,RAX2A90,1279692178,94BG1533MNR058009        ,10425282006597,2025-06-18 09:58:16,A PAGAR,189.0,C:\BOT\LICENCIAMENTO\TESTE Lic Licenciamento 2025 - RENAVAM 1279692178.pdf,2025-06-18 09:58:16,SEM DEBITOS,0,,
698,RAV8D40,1278294101,93KP0R1C1ME176265        ,10425282004209,2025-06-18 10:01:04,A PAGAR,189.0,C:\BOT\LICENCIAMENTO\TESTE Lic Licenciamento 2025 - RENAVAM 1278294101.pdf,2025-06-18 10:01:04,SEM DEBITOS,0,,
701,SPC1I10,1361817531,8AJKA3CD5R3118934        ,10425282003229,2025-06-18 10:03:15,A PAGAR,189.0,C:\BOT\LICENCIAMENTO\TESTE Lic Licenciamento 2025 - RENAVAM 1361817531.pdf,2025-06-18 10:03:15,SEM DEBITOS,0,,
702,QCG8I10,1173828980,9ADG0933JKM433514        ,10425282003814,2025-06-18 10:04:09,A PAGAR,189.0,C:\BOT\LICENCIAMENTO\TESTE Lic Licenciamento 2025 - RENAVAM 1173828980.pdf,2025-06-18 10:04:09,SEM DEBITOS,0,,
705,QCH7H30,1174086189,9BVRG40DXKE862350        ,10425282003490,2025-06-18 10:06:12,A PAGAR,189.0,C:\BOT\LICENCIAMENTO\TESTE Lic Licenciamento 2025 - RENAVAM 1174086189.pdf,2025-06-18 10:06:13,SEM DEBITOS,0,,
